Job ID,Job URL,Job Title,Company Name,Status,Timestamp,WP ID
f176897ff477d768,https://dk.linkedin.com/jobs/view/gartner-4434991325,Gartner,Park og Vej Viborg Kommune,posted,2026-07-07T00:13:22.693179,21
f40ba5f1765b5c39,https://dk.linkedin.com/jobs/view/your-mind-our-opportunities-at-tdc-brands-4029408141,Your mind & our opportunities,,scraped,2026-07-07T00:13:25.319544,
264a3a9623d402bc,https://dk.linkedin.com/jobs/view/optiker-4436399349,Optiker,Brande brillecenter,posted,2026-07-07T00:13:37.125871,23
c26a7b9b4a791faf,https://dk.linkedin.com/jobs/view/uopfordret-ans%C3%B8gning-til-fiberlan-odense-svendborg-og-fredericia-en-del-af-sef-at-sef-a-s-4437154726,"Uopfordret ansøgning til FiberLAN Odense, Svendborg og Fredericia - en del af SEF",,scraped,2026-07-07T00:13:39.752653,
86ad2e4fc2921df2,https://dk.linkedin.com/jobs/view/uopfordret-ans%C3%B8gning-til-sef-energi-en-del-af-sef-at-sef-a-s-4437174038,Uopfordret ansøgning til SEF Energi - en del af SEF,,scraped,2026-07-07T00:13:48.540696,
bd92477d4706f627,https://dk.linkedin.com/jobs/view/kvalitetssikring-4437144717,Kvalitetssikring,WrapWoman,posted,2026-07-07T00:14:01.143429,25
9719b1e8f710cad6,https://dk.linkedin.com/jobs/view/competence-development-specialist-at-alfa-laval-4436338940,Competence development specialist,,scraped,2026-07-07T00:14:03.749323,
4d1abd714f9665e3,https://dk.linkedin.com/jobs/view/r%C3%A5dgiver-at-m-j-consulting-aps-4436743783,Rådgiver,M.J Consulting ApS,posted,2026-07-07T00:15:21.371682,27
9a79e75d7b38dace,https://dk.linkedin.com/jobs/view/uopfordret-ans%C3%B8gning-fyn-at-heimstaden-bostad-4291090230,Uopfordret ansøgning - Fyn,,scraped,2026-07-07T00:15:23.975029,
80cf6ba8afb86a99,https://dk.linkedin.com/jobs/view/cv-bank-kantine-at-jyske-bank-4209403401,CV-Bank: Kantine,,scraped,2026-07-07T00:15:31.897991,
213b98e65de860ae,https://dk.linkedin.com/jobs/view/creative-manager-visual-studio-our-lego-agency-at-the-lego-group-4425308189,"Creative Manager, Visual Studio, Our LEGO Agency",the LEGO Group,posted,2026-07-07T00:15:48.337488,29
4db369d0e041f022,https://dk.linkedin.com/jobs/view/associate-creative-director-masterbrand-our-lego-agency-at-the-lego-group-4413615489,"Associate Creative Director, Masterbrand. Our LEGO Agency",the LEGO Group,posted,2026-07-07T00:16:01.001178,31
cef03b7e479d061b,https://dk.linkedin.com/jobs/view/customer-experience-manager-at-jobgether-4436082122,Customer Experience Manager,,scraped,2026-07-07T00:16:03.601302,
e1ed991c34b5c814,https://dk.linkedin.com/jobs/view/associate-business-analyst-commercial-analysis-insights-at-pandora-4433187868,"Associate Business Analyst, Commercial Analysis & Insights",,scraped,2026-07-07T00:16:10.119085,
f4bc4a460461835d,https://dk.linkedin.com/jobs/view/marketing-design-ad-specialist-at-jobgether-4435212024,Marketing Design & Ad Specialist,,scraped,2026-07-07T00:16:16.777394,
902a76079619df6e,https://dk.linkedin.com/jobs/view/frontend-or-full-stack-developer-at-keylane-4436706148,Frontend or Full-stack Developer,,scraped,2026-07-07T00:16:23.160803,
41d7e0e73af0e277,https://dk.linkedin.com/jobs/view/global-programme-manager-at-hydac-group-4437429520,Global Programme Manager,HYDAC Group,posted,2026-07-07T00:16:42.242403,33
2cfacceb965aca82,https://dk.linkedin.com/jobs/view/customer-support-specialist-freelance-ai-trainer-at-mindrift-4436302262,Customer Support Specialist - Freelance AI Trainer,Mindrift,posted,2026-07-07T00:16:50.610852,35
bc16c44a0191f7c2,https://dk.linkedin.com/jobs/view/content-editor-coordinator-at-pitaya-4436716577,Content Editor & Coordinator,,scraped,2026-07-07T00:16:53.219747,
081c865cca04d637,https://dk.linkedin.com/jobs/view/housekeeper-on-call-position-at-ligula-hospitality-group-4435567436,Housekeeper / On-Call position,,scraped,2026-07-07T00:17:00.295896,
4061eca66a36e336,https://dk.linkedin.com/jobs/view/short-term-planner-at-sas-scandinavian-airlines-4428697851,SHORT TERM PLANNER,SAS - Scandinavian Airlines,posted,2026-07-07T00:17:24.353370,37
8f4bc1328401a9f2,https://dk.linkedin.com/jobs/view/plejefamilie-til-s%C3%B8skendepar-at-k%C3%B8benhavns-kommune-4434323696,Plejefamilie til søskendepar,,scraped,2026-07-07T00:17:26.901443,
b30f33b6755b2445,https://dk.linkedin.com/jobs/view/nye-kolleger-til-jobbank-i-security-staff-check-at-copenhagen-airports-a-s-4432386053,Nye kolleger til jobbank i Security Staff Check,,scraped,2026-07-07T00:17:33.879247,
813e33a2d0b36be3,https://dk.linkedin.com/jobs/view/management-trainee-til-nonfood-vejle-at-bilka-salling-group-4370200143,Management Trainee til Nonfood - Vejle,,scraped,2026-07-07T00:17:40.537369,
ae1a0d331b6bfee6,https://dk.linkedin.com/jobs/view/fundraiser-at-danish-red-cross-4114651731,Fundraiser,,scraped,2026-07-07T00:17:46.919763,
1018f560c90659d0,https://dk.linkedin.com/jobs/view/butiksmercer-stork%C3%B8benhavn-at-365discount-4432351239,Butiksmercer - Storkøbenhavn,,scraped,2026-07-07T00:17:53.224849,
c3909944859c2e60,https://dk.linkedin.com/jobs/view/rustfast-klejnsmede-s%C3%B8ges%21-at-cabinplant-4423137379,Rustfast klejnsmede søges!,,scraped,2026-07-07T00:18:03.913424,
32ee8df8ad19df30,https://dk.linkedin.com/jobs/view/uopfordret-ans%C3%B8gning-at-systra-4436086644,Uopfordret ansøgning,,scraped,2026-07-07T00:18:10.565778,
26c0bed93a34fb0c,https://dk.linkedin.com/jobs/view/arbejdsmand-til-sp%C3%A6ndende-entreprisesag-at-bravida-danmark-a-s-4434662426,Arbejdsmand til spændende entreprisesag,,scraped,2026-07-07T00:18:17.720482,
ae79f4f852e12d62,https://dk.linkedin.com/jobs/view/fuldtidsansat-b%C3%A5dmand-kvinde-til-redningsstation-skagen-at-forsvaret-4436731299,Fuldtidsansat bådmand-/kvinde til Redningsstation Skagen,,scraped,2026-07-07T00:19:28.511348,
fb0a392039f1cbf0,https://dk.linkedin.com/jobs/view/stock-support-lululemon-weekend-at-arion-retail-group-4432763158,Stock Support lululemon (weekend),Arion Retail Group,posted,2026-07-07T00:20:49.657656,39
53ba3fbff32e2938,https://dk.linkedin.com/jobs/view/cabin-crew-sas-at-sas-scandinavian-airlines-4417301585,CABIN CREW SAS,SAS - Scandinavian Airlines,posted,2026-07-07T00:21:00.892727,41
2c2f172ae3943a26,https://dk.linkedin.com/jobs/view/mont%C3%B8r-at-dansk-bruseglas-4282221019,Montør,,scraped,2026-07-07T00:21:03.566770,
f106ae0918f93a8c,https://dk.linkedin.com/jobs/view/l%C3%B8nkonsulent-til-beierholm-aarhus-at-beierholm-4433107190,Lønkonsulent til Beierholm Aarhus,,scraped,2026-07-07T00:21:10.261581,
1f3b667950108bd2,https://dk.linkedin.com/jobs/view/bid-manager-at-recruit-it-rekruttering-af-it-specialister-4437135892,Bid Manager,,scraped,2026-07-07T00:21:17.970723,
e8238c6f5f58f33d,https://dk.linkedin.com/jobs/view/sap-payroll-specialist-at-zalaris-4435534366,SAP Payroll Specialist,,scraped,2026-07-07T00:21:27.304227,
2921560309ed6f3b,https://dk.linkedin.com/jobs/view/trafikhavnsmedarbejder-at-k%C3%B8ge-havn-port-of-koege-dk-4436716527,Trafikhavnsmedarbejder,,scraped,2026-07-07T00:21:34.911952,
61ff9130ec551737,https://dk.linkedin.com/jobs/view/m%C3%B8dekonsulent-30t-aarhus-at-alm-brand-group-4435466157,Mødekonsulent (30t) Aarhus,,scraped,2026-07-07T00:21:41.924448,
2e0676ce83ef705a,https://dk.linkedin.com/jobs/view/associate-at-heidrick-struggles-4435088477,Associate,Heidrick &amp; Struggles,posted,2026-07-07T00:21:55.525349,43
a1cfaf68b979c18c,https://dk.linkedin.com/jobs/view/senior-m-e-estimator-at-linesight-4425838665,Senior M&E Estimator,,scraped,2026-07-07T00:21:58.289726,
9a5fa24b572b1b24,https://dk.linkedin.com/jobs/view/legal-student-worker-at-lunar-4431922275,"Legal, Student Worker",,scraped,2026-07-07T00:22:04.791767,
d895f7cf37e5e15e,https://dk.linkedin.com/jobs/view/technical-author-multiple-roles-and-seniority-levels-at-jobgether-4435763779,Technical Author (multiple roles and seniority levels),,scraped,2026-07-07T00:22:11.394446,
78d674a1a3f90260,https://dk.linkedin.com/jobs/view/data-scientist-%E2%80%93-commodities-%E2%80%93-leading-quantitative-hedge-fund-%E2%80%93-aarhus-%E2%80%93-excellent-compensation-%2B-bonus-at-mondrian-alpha-4421131442,Data Scientist – Commodities – Leading Quantitative Hedge Fund – Aarhus – Excellent Compensation + Bonus,,scraped,2026-07-07T00:22:17.942433,
f9239e194367f219,https://dk.linkedin.com/jobs/view/product-manager-at-satair-4422773070,Product Manager,,scraped,2026-07-07T00:22:24.656967,
9ded70ce757b4d02,https://dk.linkedin.com/jobs/view/vice-president-sales-emea-at-octave-4416193906,"Vice President, Sales EMEA",Octave,posted,2026-07-07T00:23:43.593807,45
a38eca594c878bc8,https://dk.linkedin.com/jobs/view/head-of-product-management-new-product-ventures-at-emri-a-s-4436709814,Head of Product Management - New Product Ventures,,scraped,2026-07-07T00:23:46.279359,
5ddf2f65358a55a0,https://dk.linkedin.com/jobs/view/investment-director-at-nature-development-company-4435523100,Investment Director,,scraped,2026-07-07T00:23:53.658340,
c472036d6b955164,https://dk.linkedin.com/jobs/view/brand-designer-at-omnidocs-4432395189,Brand Designer,,scraped,2026-07-07T00:25:06.253925,
840e255e3c0d8a7f,https://dk.linkedin.com/jobs/view/tiktok-shop-specialist-at-jobgether-4436206829,TikTok Shop Specialist,,scraped,2026-07-07T00:25:14.304115,
a360341b2b8c2bc9,https://dk.linkedin.com/jobs/view/head-of-sales-at-curia-4431687226,Head of sales,,scraped,2026-07-07T00:25:20.720719,
78776c0de38f4a4d,https://dk.linkedin.com/jobs/view/vi-s%C3%B8ger-en-kollega-i-slagelse-erhverv-at-slagelse-kommune-4432382990,Vi søger en kollega i Slagelse Erhverv,,scraped,2026-07-07T00:26:32.377340,
e073a6082a357f51,https://dk.linkedin.com/jobs/view/caf%C3%A9medarbejder-odense-fuldtid-at-caf%C3%A9-vivaldi-%E2%80%A6hvor-mennesker-m%C3%B8des-%E2%98%95%EF%B8%8F-4435786617,Cafémedarbejder Odense fuldtid,,scraped,2026-07-07T00:26:39.908433,
47d8e34d8127793c,https://dk.linkedin.com/jobs/view/category-coordinator-%E2%80%93-makeup-at-normal-a-s-4436330442,Category Coordinator – Makeup,,scraped,2026-07-07T00:26:47.458231,
aeb00be371d8cbd4,https://dk.linkedin.com/jobs/view/locker-attendant-at-aire-ancient-baths-4435223573,Locker Attendant,,scraped,2026-07-07T00:26:55.922229,
11c794d25771857b,https://dk.linkedin.com/jobs/view/become-a-sats-group-training-instructor-%F0%9F%A4%B8-at-sats-danmark-4428674091,Become a SATS Group Training Instructor 🤸,,scraped,2026-07-07T00:27:03.457693,
84a823b5f6f214cc,https://dk.linkedin.com/jobs/view/medarbejdere-til-karcentral-aftenhold-holsted-dk-6670-at-danish-crown-4371774667,"Medarbejdere til Karcentral (aftenhold) (Holsted, DK, 6670)",,scraped,2026-07-07T00:27:11.353792,
c510d4899c51068c,https://dk.linkedin.com/jobs/view/kan-du-se-verden-gennem-b%C3%B8rnenes-%C3%B8jne%3F-at-vordingborg-kommune-4435287453,Kan du se verden gennem børnenes øjne?,,scraped,2026-07-07T00:27:19.058290,
156eb56a6775385b,https://dk.linkedin.com/jobs/view/are-you-our-next-crm-solutions-specialist%3F-at-hobbii-4434664706,Are you our next CRM solutions specialist?,,scraped,2026-07-07T00:27:26.137238,
812663e1fc55f9fc,https://dk.linkedin.com/jobs/view/procurement-specialist-at-unicon-a-s-4436499002,Procurement Specialist,,scraped,2026-07-07T00:27:33.929236,
bb0722a72c33b6e5,https://dk.linkedin.com/jobs/view/collection-officer-at-multitude-4416645432,Collection Officer,,scraped,2026-07-07T00:27:40.778701,
bde2a10987bf1c0f,https://dk.linkedin.com/jobs/view/student-worker-communications-design-at-the-lego-group-4425303219,"Student Worker, Communications & Design",the LEGO Group,posted,2026-07-07T00:27:59.174290,47
f0db25fcff8b8fa5,https://dk.linkedin.com/jobs/view/kreativ-indk%C3%B8ber-at-we-are-fashion-talents-4435126155,Kreativ indkøber,,scraped,2026-07-07T00:28:01.779090,
d5a1bb4b2cff1649,https://dk.linkedin.com/jobs/view/head-of-project-excellence-at-globalconnect-4436761053,Head of Project Excellence,,scraped,2026-07-07T00:28:08.899599,
26c89351fac2ff20,https://dk.linkedin.com/jobs/view/machine-learning-engineer-audio-at-anashield-4436729740,Machine Learning Engineer (Audio),Anashield,posted,2026-07-07T00:28:23.326112,49
281394d17b93e4df,https://dk.linkedin.com/jobs/view/director-strategy-transformation-vita-at-fiskars-group-4436751999,"Director, Strategy & Transformation, Vita",,scraped,2026-07-07T00:28:25.639831,
d1341416119fa633,https://dk.linkedin.com/jobs/view/manager-strategic-projects-at-pandora-4433199457,"Manager, Strategic Projects",,scraped,2026-07-07T00:28:33.926113,
29ebc7ba623dbf8c,https://dk.linkedin.com/jobs/view/administrativ-dna-sagsbehandler-til-national-enhed-for-s%C3%A6rlig-kriminalitet-at-politi-4435453897,Administrativ DNA-sagsbehandler til National enhed for Særlig Kriminalitet,,scraped,2026-07-07T00:28:40.657226,
f0e4e0dad3948fbd,https://dk.linkedin.com/jobs/view/communications-student-internship-at-loop-forum-4432266864,Communications Student Internship,,scraped,2026-07-07T00:29:51.308778,
6443bbec92d76669,https://dk.linkedin.com/jobs/view/chief-financial-officer-at-ingvardsen-partners-4437153621,Chief Financial Officer,,scraped,2026-07-07T00:29:58.971221,
4ad1822f7672af4b,https://dk.linkedin.com/jobs/view/ai-trainer-freelance-data-annotator-at-toloka-annotators-4437181631,AI Trainer - Freelance Data Annotator,Toloka Annotators,posted,2026-07-07T00:30:14.406551,51
317c72544c73367e,https://dk.linkedin.com/jobs/view/faguddannet-maler-at-barfoed-group-4437138502,Faguddannet maler,,scraped,2026-07-07T00:30:17.034246,
37345d9e42d22713,https://dk.linkedin.com/jobs/view/corporate-action-specialist-at-al-sydbank-4434667213,Corporate Action Specialist,AL Sydbank,posted,2026-07-07T00:30:32.666647,53
e4230fed8ed1db24,https://dk.linkedin.com/jobs/view/lukkeansvarlig-over-18-%C3%A5r-at-rema-1000-danmark-4432637695,"Lukkeansvarlig, over 18 år",,scraped,2026-07-07T00:30:35.254534,
12ee745ab54a55a3,https://dk.linkedin.com/jobs/view/vi-s%C3%B8ger-medarbejdere-til-vores-produktion-at-kubota-in-europe-4436199988,Vi søger medarbejdere til vores produktion,Kubota in Europe,posted,2026-07-07T00:30:49.539639,55
e8fb9f79b37f352d,https://dk.linkedin.com/jobs/view/auktionsm%C3%A6gler-at-dinbilauktion-dk-4435322005,Auktionsmægler,,scraped,2026-07-07T00:30:52.061577,
5553d950462b139d,https://dk.linkedin.com/jobs/view/service-tilbudsmand-jylland-danmark-at-burmeister-wain-scandinavian-contractor-a-s-4433702057,"Service Tilbudsmand - Jylland, Danmark",,scraped,2026-07-07T00:31:01.319337,
fa5ff75eb301a6dd,https://dk.linkedin.com/jobs/view/paid-specialist-at-shark-co-reklamebureau-4436332972,Paid Specialist,,scraped,2026-07-07T00:31:09.266997,
b75ae656045407ae,https://dk.linkedin.com/jobs/view/maintenance-supporter-at-novo-nordisk-4432705042,Maintenance Supporter,,scraped,2026-07-07T00:31:17.151325,
394c2b7ce1f452df,https://dk.linkedin.com/jobs/view/ambulancebehandlerelev-falck-ambulance-syd-at-falck-4415793444,Ambulancebehandlerelev - Falck Ambulance Syd,,scraped,2026-07-07T00:31:23.511932,
655c150cd3ddc3af,https://dk.linkedin.com/jobs/view/slagtermester-kvickly-herning-at-kvickly-4435430406,"Slagtermester, Kvickly Herning",,scraped,2026-07-07T00:31:30.346532,
a99fe5a67b1cb11a,https://dk.linkedin.com/jobs/view/executive-assistant-to-ceo-denmark-at-schneider-electric-4434655383,Executive Assistant to CEO - Denmark,Schneider Electric,posted,2026-07-07T00:32:51.772546,57
7c47d10693fecb4f,https://dk.linkedin.com/jobs/view/head-of-planning-at-ovation-search-4437182574,Head of Planning,,scraped,2026-07-07T00:32:54.401180,
7886ef3e3eea0444,https://dk.linkedin.com/jobs/view/student-assistant-regulatory-affairs-and-quality-assurance-at-go-pen-aps-4436317211,Student Assistant - Regulatory Affairs and Quality Assurance,,scraped,2026-07-07T00:33:01.350027,
1c812610fa3f6b02,https://dk.linkedin.com/jobs/view/graphic-design-intern-at-folke-furniture-4437443144,Graphic Design Intern,,scraped,2026-07-07T00:33:08.115212,
a0ac6966dc8d18e5,https://dk.linkedin.com/jobs/view/head-of-corporate-strategic-planning-at-vestas-4432383662,Head of Corporate Strategic Planning,,scraped,2026-07-07T00:33:14.732747,
4f1509cb5e7c214a,https://dk.linkedin.com/jobs/view/senior-project-manager-at-linnfoss-consulting-4435426028,Senior Project Manager,,scraped,2026-07-07T00:34:25.720915,
a7d2ca02fb65b860,https://dk.linkedin.com/jobs/view/united-capital-indretningsdesigner-at-united-capital-aps-4435304902,United Capital - Indretningsdesigner,,scraped,2026-07-07T00:35:35.654941,
db28ffa059e1fefa,https://dk.linkedin.com/jobs/view/product-manager-m-f-d-at-trackunit-4431919073,Product Manager (m/f/d),,scraped,2026-07-07T00:35:45.925451,
1436973dbc95e0b9,https://dk.linkedin.com/jobs/view/product-manager-m-f-d-at-trackunit-4431914175,Product Manager (m/f/d),,scraped,2026-07-07T00:35:53.071568,
dfd5b2160f4b9de0,https://dk.linkedin.com/jobs/view/head-of-supply-chain-hiller%C3%B8d-site-at-ssi-diagnostica-group-4436239683,"Head of Supply Chain, Hillerød Site",,scraped,2026-07-07T00:35:59.781233,
a47bb31ca63bb6ab,https://dk.linkedin.com/jobs/view/sales-development-representative-at-clerk-io-4425461426,Sales Development Representative,,scraped,2026-07-07T00:36:07.818627,
328efc886e24e5eb,https://dk.linkedin.com/jobs/view/indk%C3%B8bsassistent-at-pitaya-4436499991,Indkøbsassistent,,scraped,2026-07-07T00:36:14.441253,
c4253fda064c9c07,https://dk.linkedin.com/jobs/view/meeting-event-salgsansvarlig-at-ligula-hospitality-group-4435525581,Meeting & Event Salgsansvarlig,,scraped,2026-07-07T00:36:21.614123,
223e924545497716,https://dk.linkedin.com/jobs/view/product-manager-m-f-d-at-trackunit-4431922025,Product Manager (m/f/d),,scraped,2026-07-07T00:37:32.803828,
bfc8fd6f32d12758,https://dk.linkedin.com/jobs/view/butikschef-at-nielsens-4436490618,Butikschef,,scraped,2026-07-07T00:37:39.623153,
312df288787d75b9,https://dk.linkedin.com/jobs/view/senior-financial-controller-at-wekomply-4436721920,Senior Financial Controller,,scraped,2026-07-07T00:38:50.942722,
81f58517860ce3a0,https://dk.linkedin.com/jobs/view/job-job-job-join-the-team-at-den-lille-franske-4436985934,JOB JOB JOB // JOIN THE TEAM,,scraped,2026-07-07T00:38:58.389944,
6e8aba161842ce86,https://dk.linkedin.com/jobs/view/construction-site-manager-wind-energy-projects-2027-at-msa-construction-denmark-4434298692,Construction Site Manager - Wind Energy Projects (2027),,scraped,2026-07-07T00:39:05.593257,
4274aaf01f618d7e,https://dk.linkedin.com/jobs/view/foreman-at-sisk-group-4435457351,Foreman,,scraped,2026-07-07T00:40:19.264459,
ef3b77003ac6d852,https://dk.linkedin.com/jobs/view/grocery-associate-part-time-at-wolt-4435539561,Grocery Associate (part-time),,scraped,2026-07-07T00:40:27.695523,
b5aac487e6c8ec46,https://dk.linkedin.com/jobs/view/fleet-operations-specialist-at-gsm-green-sm-4434613849,Fleet Operations Specialist,,scraped,2026-07-07T00:40:34.925945,
2569f1f6673f0b61,https://dk.linkedin.com/jobs/view/student-assistant-pmo-and-business-partnering-at-pandora-4433192726,"Student Assistant, PMO and Business Partnering",,scraped,2026-07-07T00:40:41.849949,
45d76ae2f84f166f,https://dk.linkedin.com/jobs/view/student-assistant-%E2%80%93-ai-customer-support-10%E2%80%9320-hours-week-at-helped-4437430557,Student Assistant – AI & Customer Support (10–20 hours/week),Helped,posted,2026-07-07T00:40:55.596385,59
7a0f265120ed7324,https://dk.linkedin.com/jobs/view/portfolio-officer-at-unops-4433951605,Portfolio Officer,,scraped,2026-07-07T00:40:58.218609,
160c13845a9db026,https://dk.linkedin.com/jobs/view/media-specialist-at-precis-4435234038,Media Specialist,,scraped,2026-07-07T00:41:05.669987,
26d3c4424bb08aef,https://dk.linkedin.com/jobs/view/junior-technical-support-engineer-ev-charging-platform-at-enkel-energi-4436934532,Junior Technical Support Engineer - EV Charging Platform,,scraped,2026-07-07T00:42:16.462573,
e028c7dd1fe9c665,https://dk.linkedin.com/jobs/view/media-relations-manager-at-bazoom-group-4435159814,Media Relations Manager,,scraped,2026-07-07T00:43:26.939976,
d78ea1142e5113a0,https://dk.linkedin.com/jobs/view/mec%C3%A1nico-service-technician-relocation-northen-europe-at-tesla-4435175679,Mecánico / Service Technician - Relocation - Northen Europe,Tesla,posted,2026-07-07T00:43:42.867627,61
3ce8e1a89dd6e255,https://dk.linkedin.com/jobs/view/business-process-manager-%E2%80%93-model-production-retail-at-the-lego-group-4424868134,Business Process Manager – Model Production & Retail,the LEGO Group,posted,2026-07-07T00:44:58.990542,63
6df71784e5870f0c,https://dk.linkedin.com/jobs/view/senior-operations-engineer-at-qarma-quality-compliance-4430481614,Senior Operations Engineer,,scraped,2026-07-07T00:45:01.559049,
a7d3eade0b88f604,https://dk.linkedin.com/jobs/view/finance-lead-at-space-inventor-4436312217,Finance Lead,,scraped,2026-07-07T00:45:08.419171,
124c6a9736711a20,https://dk.linkedin.com/jobs/view/desktop-support-engineer-at-tech-zone-llc-4433165377,Desktop Support Engineer,Tech Zone LLC,posted,2026-07-07T00:45:23.669954,65
1e1c7545ff05a47d,https://dk.linkedin.com/jobs/view/ai-engineer-at-spektr-4427528565,AI Engineer,,scraped,2026-07-07T00:45:26.320892,
a003b0f0a814aa4a,https://dk.linkedin.com/jobs/view/student-assistant-marketing-at-medinordic-aesthetics-aps-4435809110,Student Assistant / Marketing,,scraped,2026-07-07T00:45:34.433855,
64c70ad2b7dd09de,https://dk.linkedin.com/jobs/view/projektchef-aarhus-at-kg-hansen-4436047615,"Projektchef, Aarhus",,scraped,2026-07-07T00:45:40.813621,
fa255d7b12e3a7d5,https://dk.linkedin.com/jobs/view/group-chief-economist-based-in-luxembourg-at-european-investment-bank-eib-4428165143,Group Chief Economist - based in Luxembourg,,scraped,2026-07-07T00:45:47.695758,
99eea8486ec58eb9,https://dk.linkedin.com/jobs/view/clinical-evaluation-associate-at-ambu-4435428816,Clinical Evaluation Associate,,scraped,2026-07-07T00:46:58.842836,
55bc331e23d79d51,https://dk.linkedin.com/jobs/view/department-manager-at-h-m-4437165574,Department Manager,H&M,posted,2026-07-07T00:48:21.139920,67
8394ade764f471fc,https://dk.linkedin.com/jobs/view/software-engineer-at-landfolk-4434663703,Software Engineer,,scraped,2026-07-07T00:48:23.749148,
5658aadfef351d1b,https://dk.linkedin.com/jobs/view/research-consultant-at-sourcing-it-4436724974,Research Consultant,,scraped,2026-07-07T00:48:30.385559,
32be92d66739910e,https://dk.linkedin.com/jobs/view/assistancefaglig-leder-til-omr%C3%A5de-syd-assistance-at-falck-4435484120,"Assistancefaglig leder til område Syd, Assistance",,scraped,2026-07-07T00:48:39.527385,
6003965eed2edda6,https://dk.linkedin.com/jobs/view/spedit%C3%B8relev-vejle-at-geodis-4427934967,"Speditørelev, Vejle",,scraped,2026-07-07T00:49:49.951835,
a066eb5a8cd8a5d8,https://dk.linkedin.com/jobs/view/sammenh%C3%A6ngende-uddannelsesforl%C3%B8b-i-almen-medicin-i-den-vestlige-del-af-region-midtjylland-at-region-midtjylland-4423639913,Sammenhængende uddannelsesforløb i almen medicin i den vestlige del af Region Midtjylland,,scraped,2026-07-07T00:49:57.184592,
d5ee8bb8d7000b18,https://dk.linkedin.com/jobs/view/souschef-vejle-at-netto-salling-group-4415653837,Souschef - Vejle,,scraped,2026-07-07T00:50:04.674597,
5f45c0a195dde6f8,https://dk.linkedin.com/jobs/view/store-planner-store-partnering-at-coop-danmark-4436216420,Store Planner  - Store Partnering,,scraped,2026-07-07T00:51:15.566942,
8b57778356f50678,https://dk.linkedin.com/jobs/view/delikatesseleder-kvickly-r%C3%B8nne-at-kvickly-4436076779,"Delikatesseleder, Kvickly Rønne",,scraped,2026-07-07T00:52:27.324969,
6b196eba73a7a3e8,https://dk.linkedin.com/jobs/view/category-manager-%E2%80%93-bodycare-at-normal-a-s-4435519378,Category Manager – Bodycare,,scraped,2026-07-07T00:52:34.350835,
a3cca3715a676233,https://dk.linkedin.com/jobs/view/arbejdsmilj%C3%B8koordinator-at-systra-4436200179,Arbejdsmiljøkoordinator,,scraped,2026-07-07T00:52:42.726853,
4b6c91ddc6357458,https://dk.linkedin.com/jobs/view/vil-du-v%C3%A6re-s%C3%A6lger%3F-se-her-bliv-k%C3%B8rende-s%C3%A6lger-i-byg-i-viborg-skive-og-opbyg-dine-egne-kunderelationer-at-w%C3%BCrth-danmark-a-s-4434677055,"Vil du være sælger? Se her :-) Bliv kørende sælger i BYG i Viborg-Skive, og opbyg dine egne kunderelationer",,scraped,2026-07-07T00:52:49.766503,
2817249b083df4c5,https://dk.linkedin.com/jobs/view/slagtermester-kvickly-nordborg-at-kvickly-4435439043,"Slagtermester, Kvickly Nordborg",,scraped,2026-07-07T00:52:56.743286,
ac596cadcaca4589,https://dk.linkedin.com/jobs/view/dagplejer-til-stordagplejen-i-engesvang-at-ikast-brande-kommune-4436486174,Dagplejer til Stordagplejen i Engesvang,,scraped,2026-07-07T00:54:09.337057,
bbef615f6714112e,https://dk.linkedin.com/jobs/view/dyvekeskolen-s%C3%B8ger-to-st%C3%B8ttepersoner-at-k%C3%B8benhavns-kommune-4435733024,Dyvekeskolen søger to støttepersoner,,scraped,2026-07-07T00:54:16.849820,
36c4d328dc522793,https://dk.linkedin.com/jobs/view/salgsleder-37-timer-bjerringbro-at-lidl-danmark-4435810303,Salgsleder - 37 timer - Bjerringbro,,scraped,2026-07-07T00:54:23.859890,
40e77f6fa1b6a47f,https://dk.linkedin.com/jobs/view/engagerede-afl%C3%B8sere-s%C3%B8ges-til-plejehjemmet-b%C3%B8gebakken-at-lejre-kommune-4436183819,Engagerede afløsere søges til Plejehjemmet Bøgebakken,,scraped,2026-07-07T00:54:36.865281,
65e2f7e806d3cb84,https://dk.linkedin.com/jobs/view/product-sourcing-spec-iii-at-hyve-solutions-4414655852,Product Sourcing Spec III,Hyve Solutions,posted,2026-07-07T00:54:51.830083,69
fc673e25f820b550,https://dk.linkedin.com/jobs/view/k%C3%A6rsangervej-252-s%C3%B8ger-engagerede-vikarer-at-viborg-municipality-4435553304,Kærsangervej 252 søger engagerede vikarer,,scraped,2026-07-07T00:54:54.357874,
2d565ed87d71d070,https://dk.linkedin.com/jobs/view/kickstart-din-karriere-som-m%C3%B8dekonsulent-i-odense-30-timer-at-alm-brand-group-4416395825,Kickstart din karriere som Mødekonsulent i Odense (30 timer),,scraped,2026-07-07T00:55:01.849072,
47fdcb93a3b3fcac,https://dk.linkedin.com/jobs/view/fodl%C3%A6nken-roskilde-s%C3%B8ger-nye-medarbejdere-at-dansk-socialr%C3%A5dgiverforening-4436015847,Fodlænken Roskilde søger nye medarbejdere,,scraped,2026-07-07T00:55:08.750927,
63450dd779597cbe,https://dk.linkedin.com/jobs/view/receptionist-f-m-x-at-25hours-hotels-4433950393,Receptionist (f/m/x),,scraped,2026-07-07T00:56:19.112060,
01d3c2364cbde171,https://dk.linkedin.com/jobs/view/vvs-smed-s%C3%B8ges-til-international-kunde-i-billund-at-cbre-4435897859,VVS/smed søges til international kunde i Billund,CBRE,posted,2026-07-07T00:56:33.024443,71
25460e343555957b,https://dk.linkedin.com/jobs/view/terminalmedarbejder-cross-dock-aftenhold-at-leman-4422255406,"Terminalmedarbejder Cross Dock, aftenhold",,scraped,2026-07-07T00:56:35.737656,
9bad59bc5699cd2c,https://dk.linkedin.com/jobs/view/har-du-viljen-og-potentialet-s%C3%A5-har-vi-muligheden-bliv-k%C3%B8rende-s%C3%A6lger-indenfor-metal-i-trekantsomr%C3%A5det-at-w%C3%BCrth-danmark-a-s-4427743147,"Har du viljen og potentialet, så har vi muligheden - bliv kørende sælger indenfor Metal i Trekantsområdet",,scraped,2026-07-07T00:57:46.255279,
db0ecb02da91a4ca,https://dk.linkedin.com/jobs/view/process-lead-at-swedish-match-4427646117,Process Lead,,scraped,2026-07-07T00:57:53.427891,
5d67dcdaa8bbb15d,https://dk.linkedin.com/jobs/view/k%C3%B8kkenassistent-at-iff-4437191819,Køkkenassistent,IFF,posted,2026-07-07T00:58:08.165928,73
7c48aab706428861,https://dk.linkedin.com/jobs/view/tax-specialist-at-velliv-4436236020,Tax Specialist,,scraped,2026-07-07T00:58:10.765840,
339a6124a077c1d1,https://dk.linkedin.com/jobs/view/kundefokuseret-vurderingsspecialist-til-omr%C3%A5de-midtjylland-med-silkeborg-som-prim%C3%A6rt-kerneomr%C3%A5de-realkredit-danmark-at-danske-bank-4434637861,"Kundefokuseret Vurderingsspecialist til område Midtjylland, med Silkeborg som primært kerneområde - Realkredit Danmark",,scraped,2026-07-07T00:58:17.908309,
961ac34634331561,https://dk.linkedin.com/jobs/view/lounge-assistant-at-menzies-aviation-4435534855,Lounge Assistant,,scraped,2026-07-07T00:58:25.124689,
6b1beedab221b96b,https://dk.linkedin.com/jobs/view/weekendopvasker-at-hilton-foods-4427936987,Weekendopvasker,,scraped,2026-07-07T00:58:32.508451,
a9775bb85fb33a8d,https://dk.linkedin.com/jobs/view/vagtplanl%C3%A6gger-til-omr%C3%A5det-for-graviditet-f%C3%B8dsel-og-barsel-p%C3%A5-sj%C3%A6llands-universitetshospital-i-roskilde-s%C3%B8ges-at-region-sj%C3%A6lland-4436925966,"Vagtplanlægger til området for graviditet, fødsel og barsel på Sjællands Universitetshospital i Roskilde søges",,scraped,2026-07-07T00:59:43.870766,
b374129b43eda2a0,https://dk.linkedin.com/jobs/view/ungarbejder-ringsted-at-caf%C3%A9-vivaldi-%E2%80%A6hvor-mennesker-m%C3%B8des-%E2%98%95%EF%B8%8F-4436202177,Ungarbejder Ringsted,,scraped,2026-07-07T00:59:51.111916,
7e5fe28387898e5f,https://dk.linkedin.com/jobs/view/e-commerce-performance-specialist-s%C3%B8ges-til-zederkof-at-talentx-4436703689,E-commerce Performance Specialist søges til Zederkof,,scraped,2026-07-07T00:59:58.483600,
af429f547e399ab0,https://dk.linkedin.com/jobs/view/operations-planner-at-copenhagen-malm%C3%B6-port-4436705949,Operations Planner,,scraped,2026-07-07T01:00:05.640957,
7d3e858caceda26a,https://dk.linkedin.com/jobs/view/fraud-specialist-at-al-sydbank-4436276136,Fraud Specialist,AL Sydbank,posted,2026-07-07T01:00:22.915544,75
e42ee6a6e4b7ed1e,https://dk.linkedin.com/jobs/view/senior-compensation-benefits-specialist-at-european-energy-4432347863,Senior Compensation & Benefits Specialist,,scraped,2026-07-07T01:00:25.582950,
258a6c809c68b87b,https://dk.linkedin.com/jobs/view/enterprise-business-development-representative-at-buildots-4433127158,*Enterprise Business Development Representative,,scraped,2026-07-07T01:01:36.571840,
2ab02fee464e5bc6,https://dk.linkedin.com/jobs/view/facility-lead-at-danfoss-4433969832,Facility Lead.,,scraped,2026-07-07T01:02:47.017044,
a633404e37128809,https://dk.linkedin.com/jobs/view/vip-event-staff-high-profile-events-in-copenhagen-at-moving-talent-4432399196,VIP Event Staff - High Profile Events in Copenhagen,,scraped,2026-07-07T01:02:53.798144,
439611a8ca3f9e17,https://dk.linkedin.com/jobs/view/bartendere-til-caf%C3%A9-vivaldi-after-nine-at-caf%C3%A9-vivaldi-%E2%80%A6hvor-mennesker-m%C3%B8des-%E2%98%95%EF%B8%8F-4432380213,Bartendere til Café Vivaldi - After Nine,,scraped,2026-07-07T01:03:00.891821,
85f84a21dbc7f309,https://dk.linkedin.com/jobs/view/slagterl%C3%A6rling-r%C3%B8nne-r%C3%B8nne-dk-3700-at-danish-crown-4218051470,"Slagterlærling, Rønne (Rønne, DK, 3700)",,scraped,2026-07-07T01:03:08.317157,
fdc04e9c43b9c99d,https://dk.linkedin.com/jobs/view/opbygger-med-flair-for-el-til-scania-opbygningscenter-i-vojens-at-scania-danmark-4393957692,Opbygger med flair for EL til Scania Opbygningscenter i Vojens,,scraped,2026-07-07T01:04:19.948410,
14a03171a0d9a714,https://dk.linkedin.com/jobs/view/category-specialist-at-dedikation-hire-for-attitude-train-for-skills%21-4436747576,Category Specialist,,scraped,2026-07-07T01:04:27.223917,
6f9369549c371dc1,https://dk.linkedin.com/jobs/view/fastansatte-nattevagter-til-nordstjernen-at-struer-kommune-4436001693,Fastansatte nattevagter til Nordstjernen,,scraped,2026-07-07T01:04:34.833678,
c25b2e13e882d96a,https://dk.linkedin.com/jobs/view/fully-remote-sap-payroll-support-consultant-belgium-payroll-at-worldwiders-recruitment-4437416277,Fully Remote SAP Payroll Support Consultant (Belgium Payroll),,scraped,2026-07-07T01:04:42.598061,
b5a44a808a56cb7f,https://dk.linkedin.com/jobs/view/management-trainee-program-at-dachser-4432791653,Management Trainee Program,,scraped,2026-07-07T01:05:53.161809,
0ba45a13ac9910be,https://dk.linkedin.com/jobs/view/tjen-godt-arbejd-p%C3%A5-dine-egne-pr%C3%A6misser-hele-sommeren-at-we-do-sales-4436409156,Tjen godt. Arbejd på dine egne præmisser. Hele sommeren.,,scraped,2026-07-07T01:06:01.390560,
a4dc3bb041ffd579,https://dk.linkedin.com/jobs/view/vagtpersonale-til-anicura-odense-dyrehospital-at-anicura-4435580295,Vagtpersonale til AniCura Odense Dyrehospital,,scraped,2026-07-07T01:06:10.647935,
d68c15a4f65b86b0,https://dk.linkedin.com/jobs/view/hydraulic-repairman-at-a-s-oilpower-hydraulics-4436312593,Hydraulic repairman,,scraped,2026-07-07T01:07:21.268615,
cc0e75782cc449b2,https://dk.linkedin.com/jobs/view/lukkeansvarlig-superbrugsen-h%C3%B8rsholm-at-superbrugsen-4435046704,Lukkeansvarlig - SuperBrugsen Hørsholm,,scraped,2026-07-07T01:07:28.221571,
9eaa1abb892bfb05,https://dk.linkedin.com/jobs/view/trailer%C2%ADmekaniker-m-f-x-at-tip-group-4423167561,Trailer­mekaniker (m/f/x),,scraped,2026-07-07T01:08:39.364797,
0999fa56185fce46,https://dk.linkedin.com/jobs/view/product-specialist-at-systematic-4435129640,Product Specialist,,scraped,2026-07-07T01:08:46.468098,
5c299206b1515689,https://dk.linkedin.com/jobs/view/associate-clinical-consultant-ep-odense-southern-jutland-denmark-at-johnson-johnson-medtech-4435818859,"Associate Clinical Consultant EP- Odense, Southern Jutland, Denmark",Johnson &amp; Johnson MedTech,posted,2026-07-07T01:09:01.726827,77
8a02b2ad8e1845e9,https://dk.linkedin.com/jobs/view/power-trader-intraday-at-imc-trading-4406997250,Power Trader (Intraday),,scraped,2026-07-07T01:09:04.454377,
a6e00a4c7e568e2e,https://dk.linkedin.com/jobs/view/visual-merchandiser-til-r%C3%B8dovre-centrum-at-h-m-4426725774,Visual Merchandiser til Rødovre Centrum,H&M,posted,2026-07-07T01:10:26.700913,79
5321a680ce9f4627,https://dk.linkedin.com/jobs/view/assistant-shop-manager-%E2%80%93-slotsarkaderne-32-t-u-at-rituals-cosmetics-denmark-b-corp%E2%84%A2-4437170933,Assistant Shop Manager – SlotsArkaderne (32 t/u),,scraped,2026-07-07T01:10:29.381841,
a8d32b318fafb0ce,https://dk.linkedin.com/jobs/view/senior-customs-trade-compliance-specialist-at-iff-4436908931,Senior Customs & Trade Compliance Specialist,IFF,posted,2026-07-07T01:10:47.273479,81
25a7c621174156e0,https://dk.linkedin.com/jobs/view/servicemedarbejder-under-18-%C3%A5r-til-dagvagter-horsens-at-carl-s-jr-danmark-4435404035,Servicemedarbejder under 18 år til dagvagter - Horsens,,scraped,2026-07-07T01:10:49.983903,
03f9e43eb59c8137,https://dk.linkedin.com/jobs/view/servicemedarbejder-under-18-%C3%A5r-20-37-timer-at-rema-1000-danmark-4429674068,"Servicemedarbejder under 18 år, 20-37 timer",,scraped,2026-07-07T01:10:57.471430,
978d20937d9cd3d2,https://dk.linkedin.com/jobs/view/produktionsplanl%C3%A6gger-at-alfa-laval-4437185836,Produktionsplanlægger,,scraped,2026-07-07T01:12:08.640467,
a79174f8515a0bdc,https://dk.linkedin.com/jobs/view/teamkoordinator-til-frugt-og-gr%C3%B8nt-viborg-at-f%C3%B8tex-salling-group-4426606295,Teamkoordinator til Frugt og Grønt - Viborg,,scraped,2026-07-07T01:13:18.933622,
1ae6efa671f59886,https://dk.linkedin.com/jobs/view/gourmetslagterelev-kun-2-%C3%A5r-middelfart-at-f%C3%B8tex-salling-group-4415939723,Gourmetslagterelev - kun 2 år - Middelfart,,scraped,2026-07-07T01:13:25.780023,
70905b2a31e26a5a,https://dk.linkedin.com/jobs/view/butikschef-i-netto-til-vejle-omr%C3%A5det-at-netto-salling-group-4417138542,Butikschef i Netto - til Vejle-området,,scraped,2026-07-07T01:13:31.888220,
edb4962c38b1d034,https://dk.linkedin.com/jobs/view/gourmetslagterelev-k%C3%B8benhavn-s-at-bilka-salling-group-4407632088,Gourmetslagterelev - København S,,scraped,2026-07-07T01:13:39.526008,
e52467840176b5d9,https://dk.linkedin.com/jobs/view/ruslandsanalytiker-og-efterretningsofficer-s%C3%B8ges-til-intelligence-fusion-centre-ved-2-military-intelligence-bataljon-at-forsvaret-4434910396,Ruslandsanalytiker og efterretningsofficer søges til Intelligence Fusion Centre ved 2 Military Intelligence Bataljon,,scraped,2026-07-07T01:13:46.128310,
e65ed4650e9b3e82,https://dk.linkedin.com/jobs/view/kaffemedarbejder-over-18-%C3%A5r-at-normal-a-s-4434664491,Kaffemedarbejder over 18 år,,scraped,2026-07-07T01:13:53.980449,
f7ef29df11b3e328,https://dk.linkedin.com/jobs/view/management-trainee-til-nonfood-kokkedal-at-f%C3%B8tex-salling-group-4426616116,Management Trainee til Nonfood - Kokkedal,,scraped,2026-07-07T01:14:01.889791,
f2af06dbcf527ac2,https://dk.linkedin.com/jobs/view/moden-gourmetslagterelev-kun-2-%C3%A5r-br%C3%B8nsh%C3%B8j-at-f%C3%B8tex-salling-group-4436084147,Moden gourmetslagterelev - kun 2 år - Brønshøj,,scraped,2026-07-07T01:14:08.208581,
7556d43e03518251,https://dk.linkedin.com/jobs/view/salgsassistent-37-timer-brugsen-bjergby-at-brugsen-4432351241,"Salgsassistent (37 timer), Brugsen Bjergby",,scraped,2026-07-07T01:14:14.442713,
8851dd21fb4f4bf1,https://dk.linkedin.com/jobs/view/bliv-chauff%C3%B8rtrainee-i-stark-at-stark-4294801326,Bliv Chaufførtrainee i STARK,STARK,posted,2026-07-07T01:15:50.359998,83
b12460054c943d31,https://dk.linkedin.com/jobs/view/butikschef-365discount-s%C3%B8nderjylland-at-365discount-4436073942,"Butikschef, 365discount Sønderjylland",,scraped,2026-07-07T01:15:53.002757,
be47df631c50e286,https://dk.linkedin.com/jobs/view/chauff%C3%B8r-stark-glostrup-at-stark-4414759418,Chauffør - STARK Glostrup,,scraped,2026-07-07T01:16:00.118284,
5149e016afc24583,https://dk.linkedin.com/jobs/view/talent-acquisition-specialist-%E2%80%93-danmark-%2B-holland-at-deco-group-as-4436494371,Talent Acquisition Specialist – Danmark + Holland,,scraped,2026-07-07T01:16:07.702567,
adda98bfe0b911f4,https://dk.linkedin.com/jobs/view/account-executive-at-kime-4435131019,Account Executive,,scraped,2026-07-07T01:16:15.013351,
2c2fc54bf2bf10fc,https://dk.linkedin.com/jobs/view/technical-artist-at-tactile-games-4436189992,Technical Artist,,scraped,2026-07-07T01:16:21.237144,
4ce575946cdd91d7,https://dk.linkedin.com/jobs/view/projektleder-til-business-central-at-fellowmind-4435099965,Projektleder til Business Central,,scraped,2026-07-07T01:16:28.045156,
86d40057404dd3e2,https://dk.linkedin.com/jobs/view/projektleder-til-business-central-at-fellowmind-4435210347,Projektleder til Business Central,,scraped,2026-07-07T01:17:39.926449,
3dc7e6cd37622745,https://dk.linkedin.com/jobs/view/svp-sales-at-eg-a-s-4433176334,SVP Sales,,scraped,2026-07-07T01:17:47.173886,
75d4d15aa65b79c4,https://dk.linkedin.com/jobs/view/student-assistant-competitive-intelligence-at-ascendis-pharma-4436218229,Student Assistant - Competitive Intelligence,,scraped,2026-07-07T01:17:54.691044,
f091407f7b974a45,https://dk.linkedin.com/jobs/view/student-assistant-clinical-supply-at-radiometer-4432788414,"Student Assistant, Clinical Supply",,scraped,2026-07-07T01:18:01.706365,
7edc73f42400e51e,https://dk.linkedin.com/jobs/view/senior-ux-product-designer-at-novicell-4435470926,Senior UX/Product Designer,,scraped,2026-07-07T01:18:09.802217,
3c4db951ff050a9e,https://dk.linkedin.com/jobs/view/delegado-a-at-grupo-cobra-4433187155,Delegado/a,,scraped,2026-07-07T01:18:17.069815,
278742d208d5200c,https://dk.linkedin.com/jobs/view/give-at-middle-georgia-state-university-school-of-computing-4434360815,Give,Middle Georgia State University School of Computing,posted,2026-07-07T01:18:35.337291,85
ef7c69a59f6c2a2f,https://dk.linkedin.com/jobs/view/tilbudsansvarlig-at-shl-schmidt-hammer-lassen-4424890613,Tilbudsansvarlig,SHL - Schmidt Hammer Lassen,posted,2026-07-07T01:18:47.704707,87
283d9f389ec72d5d,https://dk.linkedin.com/jobs/view/housekeeping-manager-at-strawberry-4436700102,Housekeeping Manager,,scraped,2026-07-07T01:18:50.321289,
f7f4f5c781f3d3ef,https://dk.linkedin.com/jobs/view/emballagespecialist-packaging-compliance-specialist-at-curia-4436180543,Emballagespecialist / Packaging Compliance Specialist,,scraped,2026-07-07T01:18:57.523397,
8b0185e7e29ed4b7,https://dk.linkedin.com/jobs/view/salgsassistent-til-food-kolding-at-f%C3%B8tex-salling-group-4435219185,Salgsassistent til Food - Kolding,,scraped,2026-07-07T01:19:05.790826,
9059c54326d2d3ca,https://dk.linkedin.com/jobs/view/information-management-officer-til-central-staff-ved-multinational-division-north-at-forsvaret-4435851686,Information Management officer til Central Staff ved Multinational Division North,,scraped,2026-07-07T01:19:12.394331,
1492e80af220bbed,https://dk.linkedin.com/jobs/view/souschef-faxe-at-jem-fix-4436721526,Souschef - Faxe,,scraped,2026-07-07T01:19:20.119740,
66864db06994a3b1,https://dk.linkedin.com/jobs/view/kommunikationsgast-til-sejlads-med-fregatten-peter-willemoes-at-forsvaret-4435102648,Kommunikationsgast til sejlads med Fregatten Peter Willemoes,,scraped,2026-07-07T01:19:26.846372,
3b2ef747e71bae23,https://dk.linkedin.com/jobs/view/product-manager-new-games-at-tactile-games-4436193857,"Product Manager, New Games",,scraped,2026-07-07T01:19:34.072318,
ce70afddbafd708e,https://dk.linkedin.com/jobs/view/moden-gourmetslagterelev-kun-2-%C3%A5r-k%C3%B8benhavn-v-at-f%C3%B8tex-salling-group-4435259233,Moden gourmetslagterelev - kun 2 år - København V,,scraped,2026-07-07T01:19:40.758180,
85cfd0b2747b011a,https://dk.linkedin.com/jobs/view/flyver-til-l%C3%B8vstikkevej-66-at-k%C3%B8benhavns-kommune-4434311973,Flyver til Løvstikkevej 66,,scraped,2026-07-07T01:21:56.501074,
0a11073d074f602a,https://dk.linkedin.com/jobs/view/tekniske-servicemedarbejder-til-ejendomsstaben-i-ringsted-kommune-at-ringsted-kommune-4436352184,Tekniske servicemedarbejder til Ejendomsstaben i Ringsted Kommune,Ringsted Kommune,posted,2026-07-07T01:23:52.062704,89
c0a9b4e9e5012a11,https://dk.linkedin.com/jobs/view/butikschef-i-netto-slagelse-at-netto-salling-group-4434393923,Butikschef i Netto - Slagelse,,scraped,2026-07-07T01:23:54.653263,
00441caaefd6a793,https://dk.linkedin.com/jobs/view/business-operations-specialist-north-cluster-at-too-good-to-go-4434651776,Business Operations Specialist (North Cluster),Too Good To Go,posted,2026-07-07T01:25:16.068090,91
cd11426651cbe290,https://dk.linkedin.com/jobs/view/campus-logistics-manager-fredericia-at-kirby-group-engineering-4435465503,Campus Logistics Manager | Fredericia,,scraped,2026-07-07T01:25:18.821332,
a372926a11120b54,https://dk.linkedin.com/jobs/view/account-manager-at-adwise-media-a-s-4437136615,Account Manager,,scraped,2026-07-07T01:25:29.088403,
2c9d12bd66b66291,https://dk.linkedin.com/jobs/view/sales-manager-at-vaxera-medical-4435545699,Sales Manager,,scraped,2026-07-07T01:25:37.721961,
17b40f82439a635b,https://dk.linkedin.com/jobs/view/risk-manager-commodity-trading-at-dlg-group-4412910298,Risk Manager Commodity Trading,,scraped,2026-07-07T01:26:48.069947,
1ee9a8b2e7e5683c,https://dk.linkedin.com/jobs/view/p%C3%A6dagog-at-struer-kommune-4436014146,Pædagog,,scraped,2026-07-07T01:26:55.926653,
ab35c32491a7a398,https://dk.linkedin.com/jobs/view/servicejobs-hos-nordborg-resort-at-areas-deutschland-4433113556,Servicejobs hos Nordborg Resort,,scraped,2026-07-07T01:27:03.389849,
323c0f11d525818d,https://dk.linkedin.com/jobs/view/continuous-improvement-specialist-at-vestas-aircoil-4435568073,Continuous Improvement Specialist,,scraped,2026-07-07T01:28:17.223313,
795acade6ff6cae5,https://dk.linkedin.com/jobs/view/sales-advisor-%E2%80%93-kolding-storcenter-5-7-t-u-at-rituals-cosmetics-denmark-b-corp%E2%84%A2-4427511799,Sales Advisor – Kolding Storcenter (5-7 t/u),,scraped,2026-07-07T01:28:24.483422,
a51e247d630f52b0,https://dk.linkedin.com/jobs/view/store-manager-at-pitaya-4436704704,Store Manager,,scraped,2026-07-07T01:28:31.028421,
7530ba3c9cd0ecda,https://dk.linkedin.com/jobs/view/franchisepartner-at-kvik-a-s-4361233080,Franchisepartner,Kvik A/S,posted,2026-07-07T01:29:53.047616,93
8540f425f0d9b85b,https://dk.linkedin.com/jobs/view/jobformidler-til-sygedagpenge-og-jobafklaring-i-nyborg-jobcenter-at-dansk-socialr%C3%A5dgiverforening-4436022695,Jobformidler til Sygedagpenge og Jobafklaring i Nyborg Jobcenter,,scraped,2026-07-07T01:29:55.582253,
21985ea6745e778e,https://dk.linkedin.com/jobs/view/servicemedarbejder-u-18-%C3%A5r-l%C3%B8gst%C3%B8r-at-jem-fix-4437144413,Servicemedarbejder u. 18 år - Løgstør,,scraped,2026-07-07T01:30:02.363946,
47826dea5a9519a3,https://dk.linkedin.com/jobs/view/ungarbejder-7-timer-silkeborg-at-lidl-danmark-4435811253,Ungarbejder - 7 timer - Silkeborg,,scraped,2026-07-07T01:30:09.153933,
42c6dd048c197236,https://dk.linkedin.com/jobs/view/lager-og-logistikmedarbejder-at-odintek-4435810436,Lager- og logistikmedarbejder,,scraped,2026-07-07T01:30:22.568367,
0d816763dfd0cd3d,https://dk.linkedin.com/jobs/view/selvst%C3%A6ndig-og-serviceminded-driftskoordinator-til-centerportef%C3%B8lje-at-newsec-4435579484,Selvstændig og serviceminded driftskoordinator til centerportefølje,,scraped,2026-07-07T01:30:29.254584,
4d73ff7a47ea2390,https://dk.linkedin.com/jobs/view/technician-at-siemens-4426637045,Technician,Siemens,posted,2026-07-07T01:30:44.987963,95
22cd0ba693c0094b,https://dk.linkedin.com/jobs/view/service-eller-reng%C3%B8ringsassistent-til-intern-service-i-nakskov-at-lolland-kommune-4436069325,Service- eller rengøringsassistent til Intern Service i Nakskov,,scraped,2026-07-07T01:30:47.713766,
24c0cbcf26646b4a,https://dk.linkedin.com/jobs/view/solutions-architect-at-worksome-4437172634,Solutions Architect,,scraped,2026-07-07T01:30:54.657782,
443a58c795ecf78c,https://dk.linkedin.com/jobs/view/customer-care-specialist-afi-arla-foods-ingredients-arla-viby-at-arla-foods-4432389495,"Customer Care Specialist, AFI (Arla Foods Ingredients) Arla - Viby",,scraped,2026-07-07T01:31:47.804823,
5ddda97c2bbc6dcf,https://dk.linkedin.com/jobs/view/social-og-sundhedsassistent-aftenvagt-til-distrikt-vesterparken-at-viborg-municipality-4435532829,Social og sundhedsassistent - Aftenvagt til Distrikt Vesterparken,,scraped,2026-07-07T01:31:55.846262,
3994b2f4e138f1ec,https://dk.linkedin.com/jobs/view/produktionsmedarbejder-til-produktion-af-burgerb%C3%B8ffer-til-mcdonald-s-vejen-dk-6600-at-danish-crown-4390952167,"Produktionsmedarbejder til produktion af burgerbøffer til McDonald's (Vejen, DK, 6600)",,scraped,2026-07-07T01:32:03.690063,
9480da8383bac69b,https://dk.linkedin.com/jobs/view/product-owner-at-the-lego-group-4426403437,Product Owner,the LEGO Group,posted,2026-07-07T01:32:21.103693,97
304fc749fcad545e,https://dk.linkedin.com/jobs/view/p%C3%A6dagog-til-l%C3%A6rkereden-at-vordingborg-kommune-4434322103,Pædagog til Lærkereden,,scraped,2026-07-07T01:32:23.681766,
8980ad9bcf876574,https://dk.linkedin.com/jobs/view/amazon-manager-at-sorth-co-4410595033,Amazon Manager,,scraped,2026-07-07T01:32:30.266511,
b1d3db764810a918,https://dk.linkedin.com/jobs/view/edc-s%C3%B8ger-indehavere-flere-steder-p%C3%A5-sj%C3%A6lland-at-edc-gruppen-a-s-4341062290,EDC søger indehavere flere steder på Sjælland,,scraped,2026-07-07T01:32:36.708358,
e4ca2a123ae4b122,https://dk.linkedin.com/jobs/view/release-and-environment-lead-at-alm-brand-group-4434608825,Release and Environment Lead,,scraped,2026-07-07T01:33:47.636590,
4a728a1be4fe6439,https://dk.linkedin.com/jobs/view/lead-scheduler-construction-projects-at-turner-townsend-4435230292,Lead Scheduler - Construction Projects,,scraped,2026-07-07T01:33:54.445491,
f39b7527c0bb351a,https://dk.linkedin.com/jobs/view/representante-de-desenvolvimento-de-vendas-at-4belli-4433953828,Representante de desenvolvimento de vendas,4Belli,posted,2026-07-07T01:34:41.815975,99
900a459f17e57eb6,https://dk.linkedin.com/jobs/view/hospital-manager-at-orifarm-4432380002,Hospital Manager,,scraped,2026-07-07T01:34:44.641100,
9364666c7deb516b,https://dk.linkedin.com/jobs/view/event-coordinator-at-pitaya-4436706761,Event Coordinator,,scraped,2026-07-07T01:34:51.138995,
2c495d9e8ead0605,https://dk.linkedin.com/jobs/view/bliv-chauff%C3%B8rtrainee-i-stark-at-stark-4294592759,Bliv Chaufførtrainee i STARK,,scraped,2026-07-07T01:34:58.373408,
cbdb6c3a43445eb0,https://dk.linkedin.com/jobs/view/engagement-team-lead-at-gsm-green-sm-4432777207,Engagement Team Lead,,scraped,2026-07-07T01:35:06.224313,
1f29c3d0e01c52c7,https://dk.linkedin.com/jobs/view/sales-development-representative-danish-speaking-at-orderyoyo-4436097527,Sales Development Representative - Danish speaking,,scraped,2026-07-07T01:35:12.898498,
6c26d0d6c1d2be75,https://dk.linkedin.com/jobs/view/spedit%C3%B8relev-parcels-express-greve-at-leman-4433199998,Speditørelev - Parcels & Express Greve,,scraped,2026-07-07T01:35:20.751993,
44eec060778ec056,https://dk.linkedin.com/jobs/view/digital-overv%C3%A5gningsspecialist-til-kontrolcenter-at-kemp-lauritzen-a-s-4436375477,Digital overvågningsspecialist til kontrolcenter,,scraped,2026-07-07T01:36:31.078731,
c90090b5119748b2,https://dk.linkedin.com/jobs/view/assistant-store-manager-at-sams%C3%B8e-sams%C3%B8e-4435404921,Assistant Store Manager,,scraped,2026-07-07T01:36:38.554867,
844e519ea5ae6dc6,https://dk.linkedin.com/jobs/view/dataredakt%C3%B8r-for-indholdsudvikling-at-jp-politikens-hus-4436476700,Dataredaktør for indholdsudvikling,,scraped,2026-07-07T01:36:45.044715,
8119bf242a954d87,https://dk.linkedin.com/jobs/view/junior-engineer-software-automation-student-position-at-epos-4436085828,Junior Engineer - Software Automation (Student Position),,scraped,2026-07-07T01:36:52.434879,
23a58c7bad369cf9,https://dk.linkedin.com/jobs/view/mechanical-design-engineer-at-kla-4422200391,Mechanical Design Engineer,,scraped,2026-07-07T01:36:59.253029,
eedc5a65603583f3,https://dk.linkedin.com/jobs/view/senior-experience-strategist-at-novicell-4435474847,Senior Experience Strategist,,scraped,2026-07-07T01:37:06.345575,
f70fec7e66d0693c,https://dk.linkedin.com/jobs/view/ai-engineer-%E2%80%93-student-at-simcorp-4436419293,AI Engineer – Student,,scraped,2026-07-07T01:37:13.000573,
1216adbc70c5faee,https://dk.linkedin.com/jobs/view/sales-director-denmark-at-international-workplace-group-plc-4427053707,Sales Director - Denmark,,scraped,2026-07-07T01:37:20.135820,
266d2a6cf19660a5,https://dk.linkedin.com/jobs/view/shopper-marketing-manager-nordics-foods-at-pepsico-4431952686,Shopper Marketing Manager - Nordics Foods,,scraped,2026-07-07T01:37:27.847963,
3954fc83d1e20da2,https://dk.linkedin.com/jobs/view/senior-program-manager-to-group-pmo-foundation-portfolio-at-saxo-bank-4427650375,Senior Program Manager to Group PMO (Foundation Portfolio),,scraped,2026-07-07T01:37:54.386240,
3bd35707cae56493,https://dk.linkedin.com/jobs/view/manager-activations-store-creative-design-at-pandora-4421955867,"Manager, Activations - Store Creative & Design",,scraped,2026-07-07T01:38:00.915922,
7fd3d336329b5e20,https://dk.linkedin.com/jobs/view/driftassistent-biogasanl%C3%A6g-at-bigadan-4436941138,Driftassistent - Biogasanlæg,,scraped,2026-07-07T01:38:07.979003,
51809c3da023202e,https://dk.linkedin.com/jobs/view/digital-marketingassistent-studiejob-at-arne-stubbe-automobiler-a-s-4437150414,Digital Marketingassistent (Studiejob),,scraped,2026-07-07T01:38:16.280534,
b0bd408906f12577,https://dk.linkedin.com/jobs/view/data-engineer-on-site-copenhagen-at-heyra-4437158294,Data Engineer - On-site Copenhagen,,scraped,2026-07-07T01:38:23.509357,
7aad9d8f63adbb3f,https://dk.linkedin.com/jobs/view/beauty-consultant-part-time-17h-magasin-k-at-parfums-christian-dior-4416250626,Beauty Consultant Part Time (17h) Magasin K,,scraped,2026-07-07T01:38:30.313370,
eff179a694197450,https://dk.linkedin.com/jobs/view/freelance-mobile-app-developer-ios-android-at-mindrift-4436714623,Freelance Mobile App Developer (iOS / Android),,scraped,2026-07-07T01:38:36.885174,
9b246c6b1834b4e0,https://dk.linkedin.com/jobs/view/hr-seniorr%C3%A5dgivare-till-nordiska-ministerr%C3%A5dets-sekretariat-at-nordic-council-of-ministers-4436747641,HR-seniorrådgivare till Nordiska ministerrådets sekretariat,Nordisk Ministerråd,posted,2026-07-07T01:39:00.349008,101
0967fc54b78f366b,https://dk.linkedin.com/jobs/view/retail-sales-supervisor-at-puma-group-4426506042,Retail Sales Supervisor,,scraped,2026-07-07T01:39:02.913123,
165ae4fb13b94be1,https://dk.linkedin.com/jobs/view/student-assistant-graphic-design-at-totalenergies-4436773015,Student Assistant - graphic design,,scraped,2026-07-07T01:39:10.843769,
f9b98b9e112ff513,https://dk.linkedin.com/jobs/view/assisterende-bogholder-at-petri-holding-aps-4434950998,Assisterende bogholder,Petri Holding ApS,posted,2026-07-07T01:39:37.576403,103
0ed449b04b5423b4,https://dk.linkedin.com/jobs/view/quality-control-specialist-%E2%80%93-helseholmen-kun-for-danske-statsborgere-at-cnk-consulting-vietnam-4436973380,Quality Control Specialist – Helseholmen (kun for danske statsborgere),,scraped,2026-07-07T01:39:40.229370,
57f3d0c2f8424480,https://dk.linkedin.com/jobs/view/kreativ-marketeer-ca-5-timer-om-ugen-studiejob-at-campbell-co-4436722108,Kreativ marketeer (ca. 5 timer om ugen / studiejob),,scraped,2026-07-07T01:39:48.252263,
abf75d2ccbaf8b61,https://dk.linkedin.com/jobs/view/financial-reporting-specialist-at-unops-4433118359,Financial Reporting Specialist,,scraped,2026-07-07T01:39:58.150502,
659bd8e15efbfcb0,https://dk.linkedin.com/jobs/view/head-of-delivery-markets-channels-technology-mct-director-at-the-lego-group-4432791583,"Head of Delivery, Markets & Channels Technology (MCT) - Director",the LEGO Group,posted,2026-07-07T01:40:14.450094,105
e25fdafa4ec721b1,https://dk.linkedin.com/jobs/view/store-helper-aalborg-storcenter-at-vero-moda-4435113908,"Store Helper, Aalborg Storcenter",,scraped,2026-07-07T01:40:17.153320,
defd9d47abb56196,https://dk.linkedin.com/jobs/view/danish-customer-care-work-on-site-or-remote-in-greece-at-next-job-abroad-4436319090,Danish Customer Care - Work On-site or Remote in Greece,,scraped,2026-07-07T01:40:23.773485,
57b667ec8ba826eb,https://dk.linkedin.com/jobs/view/danish-customer-care-work-on-site-or-remote-in-greece-at-next-job-abroad-4436302578,Danish Customer Care - Work On-site or Remote in Greece,,scraped,2026-07-07T01:40:31.035617,
98b2a968ef886aed,https://dk.linkedin.com/jobs/view/qa-sr-specialist-gdp-and-partner-management-at-ascendis-pharma-4435044582,"QA Sr. Specialist, GDP and Partner Management",,scraped,2026-07-07T01:40:38.252781,
4892d810dd02d024,https://dk.linkedin.com/jobs/view/senior-it-support-engineer-at-digital-realty-4426636118,Senior IT Support Engineer,,scraped,2026-07-07T01:40:45.214538,
bda00fb463fcdfaa,https://dk.linkedin.com/jobs/view/transformation-pmo-lead-at-dhl-freight-4435136324,Transformation PMO Lead,DHL Freight,posted,2026-07-07T01:41:39.658634,107
9abf39eb0fb6ef94,https://dk.linkedin.com/jobs/view/it-konsulent-linux-at-ringk%C3%B8bing-skjern-kommune-4436908929,IT-Konsulent - Linux,,scraped,2026-07-07T01:41:42.334441,
1365ce88cd6143aa,https://dk.linkedin.com/jobs/view/sales-assistant-part-time-at-superdry-4417958484,Sales Assistant - Part Time,,scraped,2026-07-07T01:41:49.167289,
3104319b1a339fbe,https://dk.linkedin.com/jobs/view/erfaren-elektriker-til-tavlebygning-at-nikodan-process-equipment-4435557762,Erfaren elektriker til tavlebygning,,scraped,2026-07-07T01:41:56.333833,
5264fe62a177fe9a,https://dk.linkedin.com/jobs/view/uddannelsesr%C3%A5dgiver-at-business-institute-denmark-4436961269,Uddannelsesrådgiver,Business Institute Denmark,posted,2026-07-07T01:42:12.246695,109
2153474424d46b75,https://dk.linkedin.com/jobs/view/student-worker-%E2%80%94-data-automation-facility-lego-system-at-the-lego-group-4433965231,"Student Worker — Data & Automation (Facility), LEGO System",the LEGO Group,posted,2026-07-07T01:42:24.285608,111
a88cf382d4a1ac50,https://dk.linkedin.com/jobs/view/junior-legal-counsel-at-awaze-4436234048,Junior Legal Counsel,,scraped,2026-07-07T01:42:26.937065,
044220c2cbbc9378,https://dk.linkedin.com/jobs/view/store-assistant-kolding-at-vero-moda-4437450407,"Store assistant, Kolding",,scraped,2026-07-07T01:42:36.481705,
bcd4305d65943bbe,https://dk.linkedin.com/jobs/view/mini-juicer-cph-airport-at-joe-the-juice-4428146039,Mini Juicer - CPH Airport,,scraped,2026-07-07T01:42:43.326036,
f842d813ed8f2f7f,https://dk.linkedin.com/jobs/view/danish-customer-care-work-on-site-or-remote-in-greece-at-next-job-abroad-4436303629,Danish Customer Care - Work On-site or Remote in Greece,,scraped,2026-07-07T01:42:49.949776,
eb8f743a84ff9031,https://dk.linkedin.com/jobs/view/training-and-roll-out-manager-at-linnfoss-consulting-4435407701,Training and Roll Out Manager,,scraped,2026-07-07T01:42:57.369401,
993ac8af15b03f05,https://dk.linkedin.com/jobs/view/salgsleder-silkeborg-at-netto-salling-group-4435218213,Salgsleder - Silkeborg,,scraped,2026-07-07T01:43:03.827087,
4ad083a9ec64137e,https://dk.linkedin.com/jobs/view/souschef-nyk%C3%B8bing-f-at-netto-salling-group-4416747145,Souschef - Nykøbing F,,scraped,2026-07-07T01:43:11.923445,
27fd613fa2670b0a,https://dk.linkedin.com/jobs/view/butiksmedhj%C3%A6lper-u18-dagtimer-brugsen-hunderupparken-odense-at-brugsen-4436073944,"Butiksmedhjælper U18 dagtimer, Brugsen Hunderupparken (Odense)",,scraped,2026-07-07T01:43:18.862037,
5041aa0b1bca9b16,https://dk.linkedin.com/jobs/view/forsyningsassistent-til-luftkrigselementet-ved-s%C3%B8v%C3%A6rnets-center-for-v%C3%A5ben-at-forsvaret-4435842896,Forsyningsassistent til luftkrigselementet ved Søværnets Center for Våben,,scraped,2026-07-07T01:43:25.904709,
418249c8bcd5ed0c,https://dk.linkedin.com/jobs/view/fitting-assistant-til-sportswear-at-only-brand-house-4405209305,Fitting Assistant til Sportswear,,scraped,2026-07-07T01:43:33.733324,
279ecc45dcfa76e6,https://dk.linkedin.com/jobs/view/kaptajn-til-training-shop-i-eskadrille-727-ved-fighter-wing-skrydstrup-at-forsvaret-4436129834,Kaptajn til Training Shop i Eskadrille 727 ved Fighter Wing Skrydstrup,,scraped,2026-07-07T01:43:40.872452,
3ebc6b78b3f036b6,https://dk.linkedin.com/jobs/view/butikschef-i-netto-hj%C3%B8rring-at-netto-salling-group-4416555203,Butikschef i Netto - Hjørring,,scraped,2026-07-07T01:43:47.974458,
c40bd45a1d35464e,https://dk.linkedin.com/jobs/view/lagermedarbejder-til-air-transport-wings-forsyningstjeneste-at-forsvaret-4435854414,Lagermedarbejder til Air Transport Wings forsyningstjeneste,,scraped,2026-07-07T01:43:54.511583,
32f953f0a0f61105,https://dk.linkedin.com/jobs/view/ungebehandler-til-kolding-rusmiddelcenter-at-kolding-kommune-4432785246,Ungebehandler til Kolding Rusmiddelcenter,,scraped,2026-07-07T01:44:01.753822,
622954cf01098d4f,https://dk.linkedin.com/jobs/view/salgsleder-brugsen-hou-nordjylland-at-brugsen-4435210854,"Salgsleder, Brugsen Hou (Nordjylland)",,scraped,2026-07-07T01:44:08.724785,
78e6dde457f68cca,https://dk.linkedin.com/jobs/view/salgsassistent-til-hus-og-have-odense-m-at-bilka-salling-group-4435040547,Salgsassistent til Hus og Have - Odense M,,scraped,2026-07-07T01:44:15.568615,
44033fed9a6d5a15,https://dk.linkedin.com/jobs/view/overtandl%C3%A6ge-til-ikast-brande-kommune-at-ikast-brande-kommune-4435163875,Overtandlæge til Ikast-Brande Kommune,,scraped,2026-07-07T01:44:22.104834,
e6976b6bbc226eb1,https://dk.linkedin.com/jobs/view/assistant-club-manager-til-sats-frederiksberg-abc-at-sats-danmark-4409042333,Assistant Club Manager til SATS Frederiksberg ABC,,scraped,2026-07-07T01:44:29.304618,
8b62fa539e53d8f5,https://dk.linkedin.com/jobs/view/driftsleder-billund-at-netto-salling-group-4434608470,Driftsleder - Billund,,scraped,2026-07-07T01:44:37.460026,
4076b6cc82e89a5a,https://dk.linkedin.com/jobs/view/aba-teknikere-at-cbre-gws-danmark-4436317928,ABA-Teknikere,CBRE GWS Danmark,posted,2026-07-07T01:46:02.971172,113
aec1de24bf22052a,https://dk.linkedin.com/jobs/view/global-mobility-consultant-manager-at-compa-mobility-4436498578,Global Mobility Consultant / Manager,,scraped,2026-07-07T01:46:05.597245,
60c9868136f80822,https://dk.linkedin.com/jobs/view/erfaren-lagermedarbejder-s%C3%B8ges-til-try-hire-hos-dacs-at-temp-team-danmark-4435453522,Erfaren lagermedarbejder søges til Try & Hire hos DACS,,scraped,2026-07-07T01:46:16.909584,
7793efa1ee280bd8,https://dk.linkedin.com/jobs/view/delingsf%C3%B8rer-for-v%C3%A6rnepligtsuddannelsen-under-military-training-element-ved-fighter-wing-at-forsvaret-4436146420,Delingsfører for værnepligtsuddannelsen under Military Training Element ved Fighter Wing,,scraped,2026-07-07T01:46:24.334250,
65b3b6a496a83841,https://dk.linkedin.com/jobs/view/banjermester-til-fregatten-niels-juel-2-eskadre-at-forsvaret-4436952972,"Banjermester til Fregatten NIELS JUEL, 2. Eskadre",,scraped,2026-07-07T01:46:32.374858,
5ff960b106398a05,https://dk.linkedin.com/jobs/view/pet-s%C3%B8ger-efterforskere-til-kampen-mod-terror-pb-pa-at-politiets-efterretningstjeneste-pet-4433108182,"PET søger efterforskere til kampen mod terror, pb/pa",,scraped,2026-07-07T01:46:39.770887,
24a084d8826c368d,https://dk.linkedin.com/jobs/view/segment-marketing-manager-at-faerch-group-4434976366,Segment Marketing Manager,,scraped,2026-07-07T01:46:49.118470,
ac2b280d55ed19bb,https://dk.linkedin.com/jobs/view/preclinical-data-steward-data-manager-m-f-at-aixial-group-4429844198,Preclinical Data Steward / Data Manager M/F,AIXIAL GROUP,posted,2026-07-07T01:47:05.976313,115
1f31d652dd02c858,https://dk.linkedin.com/jobs/view/personvogns-mekaniker-service-technician-soborg-at-tesla-4434977306,Personvogns mekaniker / Service Technician - Soborg,Tesla,posted,2026-07-07T01:47:30.299495,117
93e09816df664843,https://dk.linkedin.com/jobs/view/business-developer-copenhagen-at-prado-4435454557,Business Developer Copenhagen,,scraped,2026-07-07T01:47:33.083892,
dc2aca39123034d8,https://dk.linkedin.com/jobs/view/danish-speaking-customer-support-analyst-fintech-work-in-sofia-bulgaria-at-mercier-consultancy-md-4437159137,"Danish Speaking Customer Support Analyst Fintech - Work In Sofia, Bulgaria",,scraped,2026-07-07T01:47:40.311397,
ee8f24b0684d93f1,https://dk.linkedin.com/jobs/view/cleaning-assistant-at-shaping-new-tomorrow-4435066216,Cleaning Assistant,,scraped,2026-07-07T01:48:18.593641,
ee2487517391552f,https://dk.linkedin.com/jobs/view/logistics-specialist-at-vestas-4409177996,Logistics Specialist,,scraped,2026-07-07T01:48:25.935320,
1ba996a8cb583448,https://dk.linkedin.com/jobs/view/postdocs-in-cell-factory-engineering-bright-at-dtu-technical-university-of-denmark-4432340617,Postdocs in Cell-factory engineering - BRIGHT,DTU - Technical University of Denmark,posted,2026-07-07T01:48:42.378532,119
ccaeb6946d17e864,https://dk.linkedin.com/jobs/view/grocery-associate-under-18-years-old-at-wolt-4435544378,Grocery Associate (under 18 years old),,scraped,2026-07-07T01:48:45.088695,
3b0dd38e90a99c88,https://dk.linkedin.com/jobs/view/problem-manager-servicedesk-at-oxford-global-resources-4433706132,Problem Manager (ServiceDesk),,scraped,2026-07-07T01:48:52.460269,
ce6f3661056e3b49,https://dk.linkedin.com/jobs/view/netv%C3%A6rksr%C3%A5dgiver-%E2%80%93-svendborg-at-egn-danmark-4432703329,Netværksrådgiver – Svendborg,,scraped,2026-07-07T01:49:10.468347,
c9272370dd92cad4,https://dk.linkedin.com/jobs/view/p%C3%A6dagog-til-s%C3%B8dalskolen-1-september-2026-at-viborg-municipality-4433170527,Pædagog til Sødalskolen 1. september 2026,,scraped,2026-07-07T01:49:17.907861,
b93ff2c81c50aa18,https://dk.linkedin.com/jobs/view/hospital-manager-at-orifarm-4435576646,Hospital Manager,,scraped,2026-07-07T01:49:25.406775,
2657b84451b54dff,https://dk.linkedin.com/jobs/view/clinical-consultant-ep-region-east-denmark-at-johnson-johnson-medtech-4435820850,"Clinical Consultant EP- Region East, Denmark",,scraped,2026-07-07T01:49:31.914268,
6def15513020258a,https://dk.linkedin.com/jobs/view/uddelervikar-brugsen-glud-n%C3%B8rby-at-brugsen-4426609650,"Uddelervikar, Brugsen Glud-Nørby",,scraped,2026-07-07T01:49:39.361494,
13c3f23e90945b8b,https://dk.linkedin.com/jobs/view/proces-operat%C3%B8r-daghold-at-oterra-4432709245,Proces operatør- Daghold,,scraped,2026-07-07T01:49:46.399175,
703f4829e6a5919d,https://dk.linkedin.com/jobs/view/gourmetslagterelev-superbrugsen-errits%C3%B8-fredericia-at-superbrugsen-4426972405,"Gourmetslagterelev, SuperBrugsen Erritsø, Fredericia",,scraped,2026-07-07T01:49:52.914137,
bad1678dea44d83c,https://dk.linkedin.com/jobs/view/kokkeelever-at-nordic-hotels-resorts-4431987643,Kokkeelever,,scraped,2026-07-07T01:50:18.722694,
4d50ba182b540650,https://dk.linkedin.com/jobs/view/f%C3%A6llesskabskonsulent-at-teknisk-landsforbund-4435565962,Fællesskabskonsulent,,scraped,2026-07-07T01:50:25.451781,
2c94a1385bef919d,https://dk.linkedin.com/jobs/view/lead-planner-at-v7-recruitment-4436737372,Lead Planner,,scraped,2026-07-07T01:50:32.957323,
fa1807aff2eeee59,https://dk.linkedin.com/jobs/view/content-creator-at-pitaya-4436721193,Content Creator,,scraped,2026-07-07T01:50:39.800297,
1ab923291804d55e,https://dk.linkedin.com/jobs/view/ibmi-iseries-system-administator-at-ss-c-technologies-4436745440,iBMi (ISeries) System Administator,,scraped,2026-07-07T01:50:46.165220,
f9030c8743b04769,https://dk.linkedin.com/jobs/view/roster-for-programme-officer-in-multiple-duty-stations-p-3-at-international-fund-for-agricultural-development-ifad-4436260114,Roster for Programme Officer in multiple duty stations [P-3],International Fund for Agricultural Development (IFAD),posted,2026-07-07T01:51:13.646684,121
30a381b052ae22d2,https://dk.linkedin.com/jobs/view/channel-manager-at-kahoot%21-4435419812,Channel Manager,,scraped,2026-07-07T01:51:16.335429,
64a049f7459ac2fe,https://dk.linkedin.com/jobs/view/bliv-mekaniker-trainee-hos-tip-group-at-tip-group-4426886082,Bliv Mekaniker Trainee hos TIP Group,,scraped,2026-07-07T01:51:22.883830,
39698e184aa76e1a,https://dk.linkedin.com/jobs/view/salgsleder-til-jysk-vordingborg-at-jysk-4432374306,Salgsleder til JYSK Vordingborg,,scraped,2026-07-07T01:51:30.152265,
39e21a5e739b41ea,https://dk.linkedin.com/jobs/view/ungeenheden-s%C3%B8ger-en-erfaren-ungekonsulent-til-en-h%C3%A5ndholdt-besk%C3%A6ftigelsesindsats-%E2%80%93-next-level-at-ringsted-kommune-4436710487,Ungeenheden søger en erfaren Ungekonsulent til en håndholdt beskæftigelsesindsats – Next Level,Ringsted Kommune,posted,2026-07-07T01:52:21.462771,123
6e60704dc8d6915b,https://dk.linkedin.com/jobs/view/terminal-assistent-til-vores-port-service-terminal-i-esbjerg-at-blue-water-shipping-4437449266,Terminal Assistent til vores Port Service Terminal i Esbjerg,,scraped,2026-07-07T01:52:24.266249,
436bcf3e36ca7b96,https://dk.linkedin.com/jobs/view/administrativ-medarbejder-til-cost-control-finance-aarhus-at-sos-international-4430986042,Administrativ medarbejder til Cost Control/Finance Aarhus,,scraped,2026-07-07T01:52:31.570449,
9406c03cfc75f16a,https://dk.linkedin.com/jobs/view/vi-s%C3%B8ger-en-engageret-anbringelseskonsulent-der-skal-v%C3%A6re-med-til-at-forme-fremtidens-plejefamilieindsats-er-det-dig%3F-at-ringsted-kommune-4437159181,"Vi søger en engageret anbringelseskonsulent, der skal være med til at forme fremtidens plejefamilieindsats - er det dig?",Ringsted Kommune,posted,2026-07-07T01:53:11.415370,125
aa295233f3450da8,https://dk.linkedin.com/jobs/view/associate-junior-asset-manager-at-venaris-executive-search-4433149856,"Associate, Junior Asset Manager",,scraped,2026-07-07T01:53:14.067949,
06761deb7696c832,https://dk.linkedin.com/jobs/view/butikschef-svendborg-at-vordingborg-k%C3%B8kkenet-4437476876,"Butikschef, Svendborg",,scraped,2026-07-07T01:53:21.428488,
797f0c676a1926c9,https://dk.linkedin.com/jobs/view/strategic-buyer-at-baader-4418135714,Strategic Buyer,,scraped,2026-07-07T01:53:28.593153,
7b79d98db0d35054,https://dk.linkedin.com/jobs/view/salesforce-agentforce-developer-denmark-at-accenture-nordics-4435843250,Salesforce Agentforce Developer - Denmark,Accenture Nordics,posted,2026-07-07T01:54:01.397458,127
a2bd8e0032f7e1f3,https://dk.linkedin.com/jobs/view/er-du-administrativ-anlagt-har-struktur-overblik-og-godt-hum%C3%B8r%3F-s%C3%A5-er-du-m%C3%A5ske-vores-administrative-trainee-i-erhvervscenteret-i-esbjerg-at-edc-poul-erik-bech-4436793362,"Er du administrativ anlagt, har struktur, overblik og godt humør? Så er du måske vores administrative trainee i erhvervscenteret i Esbjerg",,scraped,2026-07-07T01:54:03.988385,
f2c7894ce06f80c3,https://dk.linkedin.com/jobs/view/barselsvikarer-til-job-og-udvikling-%E2%80%93-jobcenter-fredericia-at-dansk-socialr%C3%A5dgiverforening-4436019782,Barselsvikarer til Job og Udvikling – Jobcenter Fredericia,,scraped,2026-07-07T01:54:12.476001,
de3d53b3558d726d,https://dk.linkedin.com/jobs/view/pastry-chef-parttime-at-starwood-hotels-4406989802,Pastry Chef - Parttime,,scraped,2026-07-07T01:54:19.464307,
aa02c14ea4fa7274,https://dk.linkedin.com/jobs/view/medarbejdere-til-produktion-i-pakkeri-frysehus-lager-truck-hos-danish-crown-i-r%C3%B8nne-r%C3%B8nne-dk-3700-at-danish-crown-4360033591,"Medarbejdere til produktion i pakkeri, frysehus, lager/truck hos Danish Crown i Rønne (Rønne, DK, 3700)",,scraped,2026-07-07T01:54:27.454585,
29b2d9374bd79b39,https://dk.linkedin.com/jobs/view/clinical-consultant-ep-region-east-denmark-at-johnson-johnson-medtech-4435820852,"Clinical Consultant EP- Region East, Denmark",,scraped,2026-07-07T01:54:35.157721,
9f564f316e299ee9,https://dk.linkedin.com/jobs/view/product-manager-at-covetrus-4423128396,Product Manager,,scraped,2026-07-07T01:55:02.941831,
08ca813588f8ba29,https://dk.linkedin.com/jobs/view/strategic-solutions-engineering-netherlands-sweden-denmark-at-postman-4340715537,"Strategic Solutions Engineering, Netherlands/Sweden/Denmark",,scraped,2026-07-07T01:55:10.586711,
95efa5f5d9aba562,https://dk.linkedin.com/jobs/view/studentermedhj%C3%A6lpere-til-nordsj%C3%A6llands-politi-at-politi-4435829048,Studentermedhjælpere til Nordsjællands Politi,,scraped,2026-07-07T01:55:18.030879,
4d85b4b1145f6f72,https://dk.linkedin.com/jobs/view/sales-trainee-aalborg-at-shaping-new-tomorrow-4418598121,Sales Trainee - Aalborg,,scraped,2026-07-07T01:55:25.203067,
53085cfc285775b4,https://dk.linkedin.com/jobs/view/medical-advisor-anaesthesiology-at-ambu-4415926610,"Medical Advisor, Anaesthesiology",,scraped,2026-07-07T01:55:32.323266,
1b0b95b8c59a8234,https://dk.linkedin.com/jobs/view/friklinikken-s%C3%B8ger-sekret%C3%A6r-skal-du-med-p%C3%A5-holdet-spild-ikke-chancen-at-aalborg-universitetshospital-4436334895,Friklinikken søger sekretær. Skal du med på holdet - spild ikke chancen.,Aalborg Universitetshospital,posted,2026-07-07T01:56:16.226979,129
31f40aab5ef2a0fb,https://dk.linkedin.com/jobs/view/frokostansvarlig-at-mib-martinib-dk-4437118276,Frokostansvarlig,,scraped,2026-07-07T01:56:18.856089,
0207935ca699cc57,https://dk.linkedin.com/jobs/view/head-of-delivery-markets-channels-technology-mct-director-at-the-lego-group-4432793445,"Head of Delivery, Markets & Channels Technology (MCT) - Director",the LEGO Group,posted,2026-07-07T01:56:31.407158,105
3171a823e9e2f21c,https://dk.linkedin.com/jobs/view/senior-drug-product-specialist-at-zealand-pharma-4437165419,Senior Drug Product Specialist,Zealand Pharma,posted,2026-07-07T01:56:43.190988,131
04b7f7c8aeebe30b,https://dk.linkedin.com/jobs/view/sports-world-%C3%A5bner-helt-ny-butik-i-nyk%C3%B8bing-f-vil-du-med-p%C3%A5-holdet%3F-at-frasers-group-4432381328,Sports World åbner helt ny butik i Nykøbing F - vil du med på holdet?,,scraped,2026-07-07T01:56:45.552760,
57f0dfff88bb5de6,https://dk.linkedin.com/jobs/view/ungebehandler-til-kolding-rusmiddelcenter-at-dansk-socialr%C3%A5dgiverforening-4436013930,Ungebehandler til Kolding Rusmiddelcenter,,scraped,2026-07-07T01:56:52.318217,
5a161b428edcef3f,https://dk.linkedin.com/jobs/view/growth-operations-associate-at-ticketbutler-4436329999,Growth & Operations Associate,,scraped,2026-07-07T01:56:59.120148,
7a8ba4422e2f4479,https://dk.linkedin.com/jobs/view/monetisation-product-manager-at-tactile-games-4436312017,Monetisation Product Manager,,scraped,2026-07-07T01:57:05.634505,
a90067b251169e06,https://dk.linkedin.com/jobs/view/v%C3%A6rkf%C3%B8rer-at-a-e-maskiner-aps-4437152348,Værkfører,,scraped,2026-07-07T01:57:12.409736,
b8155c9cdd02a967,https://dk.linkedin.com/jobs/view/support-for-our-operations-support-team-at-fujifilm-biotechnologies-4435457207,Support for our operations support team,,scraped,2026-07-07T01:57:20.245537,
5fe14047a8c54700,https://dk.linkedin.com/jobs/view/vvs-mont%C3%B8r-med-administrative-kompetencer-at-caverion-4435222577,VVS-montør med administrative kompetencer,,scraped,2026-07-07T01:57:33.127617,
9d8637c5660eb77c,https://dk.linkedin.com/jobs/view/edc-s%C3%B8ger-indehavere-at-edc-gruppen-a-s-4265132188,EDC søger indehavere,,scraped,2026-07-07T01:57:39.867931,
522ba3fbac0eb077,https://dk.linkedin.com/jobs/view/flere-sm%C3%A5-f%C3%B8dder-p%C3%A5-b%C3%B8rnesporet-faster-astrup-%E2%80%94-vi-mangler-2-engagerede-p%C3%A6dagoger-at-ringk%C3%B8bing-skjern-kommune-4436919405,Flere små fødder på Børnesporet Faster-Astrup — vi mangler 2 engagerede pædagoger,,scraped,2026-07-07T01:57:47.011261,
c74e7d4d9c3bce5b,https://dk.linkedin.com/jobs/view/payroll-lead-implementations-denmark-nordics-at-remote-4436770297,"Payroll Lead, Implementations - Denmark (Nordics)",,scraped,2026-07-07T01:57:53.941852,
9dea58bc89ea06a6,https://dk.linkedin.com/jobs/view/dekan-til-det-ingeni%C3%B8r-og-naturvidenskabelige-fakultet-p%C3%A5-aalborg-universitet-at-aalborg-university-4434943844,Dekan til Det Ingeniør- og Naturvidenskabelige Fakultet på Aalborg Universitet,Aalborg Universitet,posted,2026-07-07T01:58:46.506522,133
4093a4297d532641,https://dk.linkedin.com/jobs/view/bliv-privatr%C3%A5dgiver-i-spar-nord-i-aars-%E2%80%93-og-g%C3%B8r-en-forskel-for-vores-kunder-at-nykredit-4407376397,Bliv privatrådgiver i Spar Nord i Aars – og gør en forskel for vores kunder,,scraped,2026-07-07T01:58:49.090331,
038e81c1c778e622,https://dk.linkedin.com/jobs/view/indk%C3%B8bskoordinator-til-vvs-bad-garderobe-at-bauhaus-danmark-a-s-4435056164,"Indkøbskoordinator til VVS, bad & garderobe",,scraped,2026-07-07T01:58:55.702838,
24208d41cd0d02e2,https://dk.linkedin.com/jobs/view/business-development-assistant-part-time-at-yougov-4427548885,Business Development Assistant (Part-time),,scraped,2026-07-07T01:59:02.742421,
47c6faa3c7703a0a,https://dk.linkedin.com/jobs/view/lagermedarbejder-at-fyns-kardan-bremsecenter-ralf-stolzenbach-4436707175,Lagermedarbejder,,scraped,2026-07-07T01:59:09.579819,
4621dcc6c77c7665,https://dk.linkedin.com/jobs/view/rusmiddelkoordinator-til-kriminalpr%C3%A6ventiv-koordinering-at-dansk-socialr%C3%A5dgiverforening-4436019786,Rusmiddelkoordinator til Kriminalpræventiv Koordinering,,scraped,2026-07-07T02:00:22.599484,
4e8ec12f1a0c1fb9,https://dk.linkedin.com/jobs/view/klinikassistent-at-tandl%C3%A6gerne-i-sundhedshuset-4437110355,Klinikassistent,,scraped,2026-07-07T02:00:29.423655,
766480789276ba39,https://dk.linkedin.com/jobs/view/account-manager-performance-marketer-fuld-ejerskab-over-en-kundeportef%C3%B8lje-%E2%80%94-v%C3%A6kst-performance-og-relation-at-advera-4434955661,"Account Manager (Performance Marketer) Fuld ejerskab over en kundeportefølje — vækst, performance og relation",,scraped,2026-07-07T02:00:41.716328,
48c9752763c05091,https://dk.linkedin.com/jobs/view/generative-ai-engineer-at-audienceproject-4433953520,Generative AI Engineer,,scraped,2026-07-07T02:00:48.630993,
e286cff4b59eae56,https://dk.linkedin.com/jobs/view/sales-development-representative-at-9altitudes-denmark-4416679129,Sales Development Representative,9altitudes Danmark,posted,2026-07-07T02:01:07.180650,135
215ee97f5b4e7a3d,https://dk.linkedin.com/jobs/view/tech-lead-at-autoproff-deutschland-gmbh-4432367666,Tech Lead,,scraped,2026-07-07T02:01:10.130812,
105af3c399bb7cfd,https://dk.linkedin.com/jobs/view/kassemedarbejder-deltid-at-rema-1000-danmark-4434126247,"Kassemedarbejder, deltid",,scraped,2026-07-07T02:01:16.663353,
c89cebc480a9ad5c,https://dk.linkedin.com/jobs/view/mission-officer-til-missionssekretariatet-hos-aau-forskningsservice-%E2%80%93-med-s%C3%A6rligt-fokus-p%C3%A5-sundhedsmissionen-at-aalborg-university-4434958894,Mission Officer til Missionssekretariatet hos AAU Forskningsservice – med særligt fokus på Sundhedsmissionen,Aalborg Universitet,posted,2026-07-07T02:01:32.472051,137
c688e8030d7eaf2a,https://dk.linkedin.com/jobs/view/desktop-support-engineer-l2-dk-at-excis-compliance-4436715698,Desktop Support Engineer L2 DK,,scraped,2026-07-07T02:01:35.111704,
b801c85d0a3a30bd,https://dk.linkedin.com/jobs/view/commercial-finance-business-partner-fixed-term-contract-at-etex-4435891758,Commercial Finance Business Partner - Fixed Term Contract,,scraped,2026-07-07T02:01:41.865275,
ced910b25d6b15ce,https://dk.linkedin.com/jobs/view/legal-finance-associate-at-psv-4436700169,Legal & Finance Associate,,scraped,2026-07-07T02:01:48.921189,
4c51f9c82746f0a4,https://dk.linkedin.com/jobs/view/student-assistant-brand-communication-at-rockwool-group-4437196524,Student Assistant - Brand & Communication,,scraped,2026-07-07T02:01:56.291205,
0797d054bdc90ff8,https://dk.linkedin.com/jobs/view/senior-data-engineer-at-enkel-energi-4434958910,Senior Data Engineer,,scraped,2026-07-07T02:02:03.534973,
75d7af851850da64,https://dk.linkedin.com/jobs/view/aircraft-material-inspector-at-sas-scandinavian-airlines-4437195515,AIRCRAFT MATERIAL INSPECTOR,SAS - Scandinavian Airlines,posted,2026-07-07T02:02:20.119487,139
